"Fund Name","P1","P2","P3","P4","P5","Topsis Score","Rank"
"M1","0.84","0.72","6.7","42.1","12.59","0.5888510883625929","2.0"
"M2","0.91","0.83","7.0","31.7","10.11","0.5655037894893643","3.0"
"M3","0.79","0.6","4.8","46.9","13.23","0.4936657273559688","6.0"
"M4","0.78","0.61","6.4","42.4","12.55","0.6124453155131373","1.0"
"M5","0.94","0.88","3.6","62.1","16.91","0.3616082794795668","8.0"
"M6","0.88","0.76","6.5","51.5","14.91","0.5427814352066979","5.0"
"M7","0.66","0.44","5.3","48.8","13.83","0.5613779695937079","4.0"
"M8","0.93","0.86","3.4","37.0","10.55","0.38874096800941293","7.0"
